ID,SHOP,GENDER,AGE,M.S.,NCHILD,INCOME,S.E.G.,MAINSHOP,BUYFOOD,AMOUNT,PAYBY,REGULAR,VISITS
1,3,1,26,2,3,,2,1,1,51.70000076,1,1,2
2,3,0,21,2,1,19764,3,1,1,52.83000183,2,1,2
3,5,1,47,2,2,23256,3,1,1,58.40999985,2,1,1
4,3,0,39,3,4,17676,3,0,1,31.63999939,1,1,3
5,4,1,,2,5,16680,4,1,1,61.15999985,1,1,1
6,2,0,25,3,2,14616,4,1,1,58.20000076,1,1,3
7,4,0,36,2,2,32784,2,0,1,64.22000122,2,1,1
8,1,1,,2,2,13116,4,1,1,53.65000153,1,1,1
9,4,1,31,2,1,19032,3,1,1,59.27000046,2,1,2
10,4,1,74,4,0,18252,2,1,1,49.02000046,2,1,1
11,5,1,26,1,0,12360,4,0,1,2.890000105,1,1,1
12,3,1,18,1,0,12840,4,1,0,49.91999817,3,1,3
13,5,0,19,1,0,,4,0,1,29.80999947,1,1,2
14,2,0,29,2,2,13356,4,0,1,39.47999954,1,0,0
15,5,0,41,2,1,12636,5,1,1,71.69000244,3,1,2
16,5,1,35,2,3,10464,4,1,1,58.58000183,1,1,4
17,1,0,,3,2,13200,4,1,1,54.41999817,1,1,2
18,3,0,21,1,0,11856,4,1,1,30.39999962,1,1,3
19,2,0,27,2,3,12744,4,0,1,34.34999847,1,1,2
20,1,0,,2,3,16116,5,1,1,59.79999924,3,1,1
21,5,0,39,2,6,12588,5,1,1,73.52999878,3,1,1
22,1,0,39,2,4,18480,3,1,1,76.34999847,3,1,1
23,4,0,55,2,2,16068,4,1,1,46.38999939,1,0,0
24,5,0,,2,3,23736,3,0,1,30.13999939,2,1,2
25,2,0,20,2,2,7692,5,0,1,38.83000183,1,1,3
26,3,0,60,2,0,31944,2,0,1,40.61999893,2,1,3
27,5,0,17,1,0,14712,4,0,1,36.52000046,1,1,2
28,3,0,23,1,0,16608,4,0,1,43.97999954,1,1,3
29,3,0,28,2,4,10176,4,0,1,55.08000183,3,1,2
30,2,1,28,2,4,,4,1,1,50.34000015,1,1,2
31,5,1,21,1,0,14928,4,1,0,29.05999947,1,1,3
32,5,0,50,4,2,29184,2,1,1,40.90999985,2,1,2
33,5,1,50,2,5,30792,2,1,1,57.06000137,2,1,1
34,2,1,32,2,4,13284,4,1,1,56.88999939,3,1,1
35,5,1,52,4,2,18132,3,0,0,18.78000069,1,1,2
36,4,0,34,1,1,17208,4,1,1,63.54000092,3,1,2
37,3,0,,2,2,11928,4,1,1,67.87000275,3,1,3
38,2,0,53,3,0,25140,3,0,1,19.45999908,1,1,4
39,5,0,,2,2,14724,4,1,1,82.13999939,3,1,2
40,5,0,44,1,4,,2,1,1,79.04000092,2,1,1
41,2,1,35,2,5,18948,3,1,1,79.26000214,2,1,1
42,5,0,49,3,4,17484,4,1,1,58.29999924,1,1,3
43,1,0,29,3,2,15960,4,0,1,54.50999832,1,1,3
44,5,0,32,2,1,14340,4,1,1,81.09999847,1,1,2
45,5,0,34,2,2,29484,2,1,1,31.94000053,2,1,2
46,5,0,,3,1,13560,4,1,1,44.72000122,1,1,1
47,1,0,17,1,0,11556,5,1,1,16.31999969,1,1,2
48,1,0,24,3,2,14040,4,1,1,61.38000107,3,1,2
49,5,0,33,2,4,,5,0,1,11.71000004,1,1,2
50,2,0,24,1,0,15396,3,1,1,39.90999985,1,1,3
51,5,0,20,2,2,12480,3,1,1,51.33000183,2,1,2
52,3,1,15,1,0,,5,1,0,43.75999832,1,1,1
53,3,0,19,1,0,10368,4,1,0,49.43000031,1,1,1
54,2,1,30,1,0,22380,3,1,1,40.54000092,1,1,2
55,2,0,31,2,2,9396,5,1,1,42.70999908,1,1,2
56,2,1,,2,4,17316,4,0,1,20.46999931,1,1,1
57,4,1,37,1,0,14532,4,1,1,39.52999878,1,1,3
58,4,0,56,4,1,14352,4,1,0,44.61000061,1,1,2
59,3,0,30,1,1,10296,4,1,1,41.06000137,1,1,3
60,5,1,50,2,4,13668,5,0,1,46.65000153,3,1,4
61,2,1,22,2,2,16752,4,1,1,56.88000107,1,1,3
62,5,1,,2,2,13548,5,1,1,30.57999992,1,1,4
63,2,1,30,2,1,11676,4,0,1,30.20000076,1,1,3
64,2,0,23,1,1,,5,1,1,34.25,1,1,4
65,5,1,38,1,0,19968,3,1,1,43.15999985,1,1,2
66,3,0,20,2,2,11292,4,1,1,83.45999908,3,1,2
67,3,1,53,2,4,20076,3,1,1,73.55000305,2,1,3
68,2,0,39,2,1,18000,3,0,1,20.03000069,2,1,3
69,1,0,25,1,1,11472,4,0,1,24.34000015,1,1,1
70,2,1,33,1,0,17532,4,1,1,42.56000137,1,1,1
71,2,0,29,1,1,11676,4,0,1,55.81999969,1,1,1
72,5,0,23,1,1,9936,5,0,1,48.41999817,1,1,3
73,5,1,,1,0,22416,3,1,1,33.40000153,2,1,2
74,1,1,49,2,3,20088,3,1,1,57.5,1,1,3
75,3,1,28,2,2,16824,4,1,1,74.41999817,3,1,2
76,4,0,43,2,4,22860,3,1,1,39.65999985,2,1,2
77,4,0,28,2,3,14448,4,1,1,52.90000153,1,1,3
78,3,0,17,1,0,9852,4,1,1,34.11999893,1,1,3
79,3,1,20,1,0,15780,4,1,1,16.56999969,1,1,1
80,3,1,27,1,0,12888,4,1,1,68.48999786,1,1,2
81,3,0,31,2,2,13692,3,1,1,77.59999847,3,0,0
82,2,0,20,2,1,16296,4,1,1,45.81999969,1,1,2
83,3,1,20,2,1,20880,3,0,1,23.09000015,2,1,5
84,5,0,34,1,2,13260,4,1,0,71.11000061,1,1,1
85,4,0,23,1,1,6024,5,1,1,37.29999924,1,0,0
86,3,0,66,4,4,6456,3,1,1,49.25999832,2,1,2
87,4,0,19,1,1,10032,5,0,1,27.85000038,1,1,3
88,3,0,47,2,1,16152,4,1,1,63.90000153,1,1,3
89,2,0,32,1,2,13236,3,1,1,45.31000137,2,1,2
90,1,0,40,1,3,21996,3,1,1,71.30000305,1,1,2
91,3,0,29,2,4,7776,5,1,1,48.86000061,1,1,2
92,3,0,48,4,2,20796,3,1,1,63.47000122,1,1,2
93,3,0,47,2,3,20232,3,1,1,64.73999786,2,1,1
94,2,0,26,2,1,17796,4,0,1,44.18000031,1,1,1
95,4,1,19,1,0,12636,4,0,1,44.68999863,1,0,0
96,4,1,23,2,1,12564,4,1,1,54.81000137,1,1,2
97,2,0,19,1,1,11004,4,1,1,49.31000137,1,1,3
98,4,0,21,2,0,19644,3,1,1,49.18000031,2,1,2
99,1,1,63,4,3,,2,1,1,61.81999969,2,1,3
100,3,1,27,4,4,10200,5,1,1,31.13999939,1,1,2
101,5,0,22,2,1,20172,3,1,1,23.94000053,2,1,1
102,4,0,30,3,1,15012,5,1,1,27.89999962,1,1,2
103,5,1,,2,5,19344,3,1,1,61.15000153,1,1,3
104,5,0,20,1,0,18984,3,1,1,41.09999847,1,1,1
105,4,1,58,4,5,16488,4,0,1,35.13999939,1,1,1
106,2,1,54,3,2,14892,4,1,1,54.36000061,1,1,3
107,5,1,24,2,1,13476,4,0,1,15.27999973,1,1,2
108,1,0,20,2,1,16476,3,1,1,47.06000137,1,1,2
109,1,1,36,1,0,17664,4,1,1,26.70000076,1,1,1
110,3,1,24,2,2,11904,5,1,0,45.90000153,1,1,2
111,2,1,24,2,3,,3,1,1,47.81000137,2,1,3
112,3,0,34,3,1,17316,4,1,1,42.00999832,1,1,2
113,3,0,42,3,2,20136,3,0,1,21.89999962,2,1,1
114,2,0,43,1,0,16308,4,1,1,32.5,1,1,1
115,4,0,36,2,2,9576,5,1,1,36.54000092,1,1,5
116,5,1,22,2,0,18600,3,1,1,51.41999817,1,1,2
117,3,0,48,2,3,21216,3,1,1,72.13999939,3,1,2
118,4,1,17,1,0,11136,4,1,1,44.34999847,1,1,2
119,4,1,53,4,4,20352,3,1,1,67.11000061,2,1,2
120,3,0,32,2,2,25992,3,1,1,60.13999939,2,1,2
121,1,1,,4,1,17376,2,1,1,39.08000183,1,1,2
122,1,0,27,1,0,,4,0,1,41.88000107,1,1,1
123,4,0,50,2,3,15528,4,0,1,31.90999985,1,1,3
124,1,0,32,2,0,26316,2,1,0,82.91000366,2,1,2
125,2,1,36,2,2,21432,3,1,1,40.18000031,2,1,1
126,5,0,21,2,0,27036,2,1,1,73.23999786,2,1,1
127,1,0,32,1,1,14916,4,1,1,34.97999954,1,1,3
128,4,0,20,2,2,18240,3,1,1,49.95000076,1,1,4
129,3,0,41,2,3,12408,5,1,1,67.62000275,1,1,1
130,2,1,36,2,0,24084,3,0,1,40.66999817,1,1,3
131,1,1,36,2,1,26580,2,1,1,39.74000168,2,1,2
132,5,0,,1,2,18228,3,1,1,47.58000183,1,1,1
133,5,0,20,2,3,10644,4,1,1,57.70999908,1,1,2
134,4,1,48,2,5,22896,3,0,1,19.21999931,1,1,3
135,1,1,41,2,5,13236,4,1,1,71.87999725,1,1,2
136,4,0,29,2,0,20832,2,1,1,63.90000153,2,1,1
137,1,0,47,2,1,18048,3,1,1,54.88999939,1,1,3
138,5,0,33,2,2,12960,4,1,1,59.86000061,1,1,2
139,3,0,27,3,4,,3,0,1,44.99000168,2,1,2
140,2,0,38,2,4,33816,2,1,1,72.41000366,2,1,5
141,4,1,34,1,0,12324,5,1,1,20.85000038,1,0,0
142,3,0,,2,2,14676,3,1,1,57.18999863,2,1,3
143,4,0,34,3,1,22500,3,1,1,54.13999939,2,1,5
144,4,1,32,1,0,12588,4,1,1,44.65000153,1,1,3
145,5,1,17,1,0,14172,5,0,0,37.18000031,1,1,2
146,3,0,40,2,3,12516,5,1,1,68.88999939,1,1,1
147,3,0,26,2,3,14256,4,1,1,58.68000031,1,1,2
148,5,0,32,1,0,11868,4,1,1,44.11999893,1,1,2
149,1,0,26,3,4,21636,3,0,1,32.24000168,2,1,2
150,5,0,21,2,1,17280,3,1,1,74.86000061,1,0,0
151,1,1,32,2,0,30996,2,1,1,57.58000183,2,0,0
152,4,1,65,2,3,15096,4,1,1,39.18000031,1,1,2
153,3,1,,1,0,16596,4,1,1,46.29999924,1,1,3
154,3,0,28,1,0,,4,1,1,34.5,1,1,3
155,5,0,27,2,4,25356,3,0,1,21.18000031,2,1,1
156,3,0,41,3,2,14916,4,1,1,29.69000053,1,1,2
157,2,0,25,2,2,25236,2,1,1,70,2,1,2
158,4,0,17,1,0,10416,4,1,1,25.01000023,1,1,2
159,4,0,35,2,3,18360,3,0,1,42.63000107,1,1,1
160,3,1,23,2,1,18888,3,1,1,53.04000092,2,1,2
161,5,1,24,2,2,13704,4,1,1,61.06000137,1,1,1
162,5,0,35,2,4,18552,3,1,1,95.37999725,1,1,1
163,3,0,25,2,0,22632,3,0,1,51.88999939,2,1,4
164,4,0,27,2,3,16500,3,1,1,39.70999908,1,1,2
165,1,1,20,2,1,10824,4,0,0,32.77999878,1,1,3
166,4,0,38,3,2,16596,4,0,1,57.36999893,1,1,3
167,4,0,19,2,2,15204,4,1,1,73.05999756,1,1,2
168,5,0,25,3,0,,5,0,1,37.84999847,1,1,2
169,2,0,22,2,1,10464,5,0,1,54.75,1,1,1
170,4,0,42,3,4,13812,5,1,1,74.76000214,3,1,2
171,3,0,31,2,3,17688,4,0,1,43.13999939,1,1,3
172,2,0,29,2,1,11676,5,1,1,68.83999634,1,0,0
173,2,0,32,2,2,11448,3,1,1,66.25,1,1,3
174,3,1,29,2,2,15864,4,0,1,31.28000069,1,1,2
175,1,0,44,2,2,12288,5,1,1,45.13999939,1,1,1
176,2,1,,2,2,21684,3,1,1,39.45999908,2,1,2
177,3,0,34,2,2,21696,3,1,1,47.74000168,2,1,3
178,4,0,32,2,2,15852,4,1,1,81.61000061,1,1,2
179,3,1,47,1,0,33480,2,1,1,50.36999893,2,1,2
180,3,0,35,1,0,20064,3,0,1,11.81000042,2,1,3
181,4,0,25,1,2,,4,1,1,54.65999985,1,1,3
182,3,0,32,3,1,16476,4,0,1,42.04999924,1,1,1
183,2,0,44,2,0,25764,3,1,1,59.84999847,1,1,2
184,2,0,17,1,0,11376,4,0,1,24.69000053,1,1,3
185,2,0,20,2,2,9828,5,1,1,36.84999847,1,1,2
186,2,0,19,2,2,6972,5,1,1,44.29999924,1,1,1
187,2,0,20,2,2,11520,3,1,1,61.59000015,1,0,0
188,4,1,19,1,0,14952,4,0,1,11.25,1,1,1
189,1,0,30,1,1,16464,4,0,1,27.92000008,1,1,3
190,4,0,35,1,2,10008,4,1,1,67.77999878,1,1,2
191,4,1,27,3,4,6288,5,1,0,36.11999893,1,0,0
192,5,1,18,1,0,12156,4,1,1,31.88999939,1,1,2
193,2,1,61,2,2,31380,2,0,1,26.70000076,2,1,2
194,4,0,22,1,0,12780,4,1,1,33.33000183,1,1,3
195,4,0,29,2,4,,4,1,1,71.63999939,3,1,1
196,3,0,38,3,1,15360,4,0,1,41.83000183,1,1,1
197,2,0,45,3,1,15768,4,1,1,68.62999725,1,1,2
198,2,0,15,1,0,8796,5,1,1,22.37999916,1,1,2
199,3,0,39,2,4,16608,4,1,1,54.09999847,1,1,2
200,1,1,,2,5,41172,1,1,1,70.12999725,2,1,1
201,5,0,26,2,5,19116,3,1,1,92.63999939,2,1,2
202,2,0,20,2,2,17640,4,0,1,27.38999939,1,1,3
203,5,1,30,2,2,18012,3,1,1,44.88999939,1,1,2
204,5,0,31,2,4,19380,3,0,1,29.79999924,2,1,2
205,1,0,29,2,1,14460,4,1,1,68.04000092,1,1,2
206,4,1,25,2,1,19824,3,1,1,33.83000183,2,1,3
207,4,0,46,2,0,28044,2,1,1,38.09999847,2,1,3
208,1,1,,2,2,15024,4,1,1,56.45999908,1,1,1
209,4,1,22,1,0,11472,4,1,1,31.94000053,1,0,0
210,3,0,21,2,2,,5,1,1,36.56999969,1,0,0
211,4,0,27,2,4,,4,1,1,43.91999817,1,1,3
212,5,1,58,2,2,15576,4,0,1,16.12000084,1,1,1
213,5,0,68,4,1,24588,2,0,1,52.81999969,2,1,2
214,4,0,38,2,4,21288,3,1,1,89.47000122,1,1,5
215,5,0,27,2,5,10332,5,1,1,75.41000366,1,1,3
216,4,1,,2,2,30780,2,1,1,57.43999863,2,1,1
217,3,0,33,3,3,11760,5,1,1,54.40999985,1,1,2
218,4,0,23,2,2,23136,3,1,1,49.25999832,1,1,2
219,4,1,58,2,0,27192,2,1,0,34.70000076,2,1,4
220,5,1,41,2,1,17832,3,0,1,17.54999924,1,1,1
221,5,1,36,2,2,11088,5,1,1,81.16000366,3,1,2
222,5,0,31,2,4,14496,3,1,1,68.09999847,2,1,3
223,3,1,52,2,2,20856,3,1,1,51.13999939,2,1,2
224,2,0,37,3,4,11304,4,1,1,55.40999985,1,0,0
225,4,0,24,2,3,14568,3,1,1,71.47000122,2,1,2
226,4,0,22,2,1,13764,4,1,1,40.18999863,1,1,4
227,2,0,32,1,1,10476,4,1,1,48.13999939,1,1,3
228,4,0,25,1,0,11328,4,0,1,19.51000023,1,1,2
229,5,1,26,1,0,12480,5,1,1,50.77999878,1,1,3
230,4,0,41,2,1,26424,2,1,1,62.65000153,2,1,3
231,1,0,54,3,2,16356,4,1,0,78.33999634,3,1,4
232,5,1,,2,4,21336,3,1,1,54.04999924,2,1,2
233,5,0,28,3,2,11220,5,1,1,21.97999954,1,1,4
234,3,0,42,3,0,,4,1,1,48.20999908,1,1,2
235,2,0,26,2,4,9204,5,1,1,70.37999725,1,1,2
236,1,0,27,1,0,18240,3,1,1,35.90000153,1,1,1
237,5,0,43,1,2,24648,3,1,1,47.45999908,2,1,1
238,1,1,32,1,0,10788,4,0,1,30.82999992,1,1,2
239,5,0,25,2,1,15216,4,1,1,28.27000046,1,1,3
240,2,0,43,2,2,10716,5,0,1,16.29000092,1,1,2
241,3,1,43,2,2,12588,4,1,1,43.34000015,1,1,4
242,5,0,30,3,1,14472,4,1,1,32.27999878,1,0,0
243,1,0,,2,4,13860,3,1,1,31.37000084,1,1,2
244,4,0,29,2,2,,5,1,1,48.97000122,1,1,2
245,4,0,18,1,0,12924,4,1,1,55.40000153,1,1,5
246,4,1,29,2,2,19308,3,1,1,50.16999817,2,1,3
247,5,1,49,4,0,15336,5,1,1,31.78000069,1,1,3
248,5,0,25,2,2,17436,4,1,1,37.68999863,1,1,2
249,3,0,58,4,3,21696,3,0,1,69.48999786,1,1,2
250,5,0,29,2,1,18636,3,0,1,48.29000092,1,1,2
251,4,0,50,2,4,28848,2,0,1,42.63999939,2,1,3
252,1,1,34,3,0,22200,3,0,1,36.02999878,2,1,2
253,1,0,49,2,5,34032,2,1,1,76.54000092,2,1,5
254,3,0,25,1,2,10344,4,1,1,49.77000046,1,1,5
255,5,0,,2,3,,4,1,1,55.61999893,1,1,1
256,5,0,25,2,1,19284,3,0,1,44.02999878,2,1,1
257,4,0,30,2,0,23988,3,1,0,57.34999847,2,1,2
258,4,0,22,2,1,17256,4,1,1,76.05999756,1,0,0
259,2,0,19,2,1,19548,3,1,1,46.66999817,2,1,1
260,2,0,30,2,2,18540,3,0,1,14.61999989,2,1,4
261,3,1,,1,0,12648,4,1,1,47.43999863,1,1,1
262,4,1,37,2,5,11496,4,0,1,34.24000168,1,1,2
263,4,1,,2,1,18264,3,1,1,70.08000183,1,1,2
264,5,1,29,2,1,11700,4,1,1,57.54000092,1,0,0
265,5,0,49,2,3,25836,2,1,1,74.80999756,2,1,3
266,5,0,42,2,2,16140,4,1,0,56.13999939,1,1,2
267,5,0,18,1,0,17436,4,1,1,29.34000015,1,1,4
268,4,0,47,2,2,20436,3,1,1,56.24000168,2,1,2
269,4,1,39,2,4,16644,3,1,1,73.54000092,2,1,2
270,3,0,19,1,1,7860,5,1,1,69.84999847,1,1,3
271,5,1,29,3,1,8448,5,1,1,36.84000015,1,1,2
272,1,0,23,2,1,,4,1,1,33.22000122,1,1,4
273,5,0,44,3,0,16944,4,0,1,34.06000137,1,1,2
274,2,1,68,4,2,8940,4,1,1,32.86000061,1,1,2
275,5,1,50,2,1,21564,3,0,1,13.57999992,1,1,3
276,2,1,29,2,2,14496,4,1,1,63.88000107,1,1,2
277,5,0,28,1,1,21192,3,1,1,33.58000183,1,1,2
278,5,0,19,2,1,11436,4,1,1,47.65000153,1,1,3
279,4,0,25,1,1,11532,4,1,1,35.34999847,1,0,0
280,2,0,26,3,5,14976,3,1,1,76.81999969,2,1,2
281,5,0,33,1,1,13272,4,1,1,46.06999969,1,1,2
282,2,0,34,2,0,20076,3,1,1,39.33000183,1,1,3
283,5,0,29,2,0,29880,2,0,1,40.86000061,2,1,1
284,5,0,35,1,2,10140,5,1,1,44.99000168,1,1,3
285,2,1,,2,4,11424,5,1,1,29,1,0,0
286,3,0,29,2,3,19188,3,1,1,62.22999954,1,1,2
287,5,0,52,2,1,29748,2,1,1,63.36000061,2,1,3
288,5,0,54,4,2,,3,1,1,46.11999893,1,1,2
289,2,0,22,2,2,12048,4,1,1,55.66999817,1,1,4
290,4,0,33,2,4,12492,4,1,1,48.93999863,1,1,2
291,2,0,23,2,1,13608,4,1,1,28.12000084,1,1,2
292,2,0,30,1,1,27432,2,1,1,49.27999878,1,1,2
293,4,0,23,2,1,12348,4,1,1,55.25,1,1,2
294,3,0,21,2,2,10308,4,1,1,56.36999893,1,1,2
295,2,0,31,1,2,10932,5,1,1,30.26000023,1,1,1
296,4,0,19,2,2,13008,3,1,1,49.20000076,1,1,1
297,5,0,40,2,1,18456,3,0,1,14.11999989,2,1,3
298,3,0,35,2,2,13944,4,1,1,54.93000031,1,1,2
299,3,0,43,1,3,12756,3,1,1,35.95000076,1,1,2
300,4,0,32,1,0,12984,4,0,1,29.12000084,1,1,2
301,4,0,29,2,0,18864,3,1,1,52.72999954,2,1,2
302,4,0,43,2,0,25248,3,1,1,43.59000015,1,1,2
303,2,0,23,1,1,6288,5,1,1,33.79999924,1,0,0
304,4,1,26,2,1,18804,3,1,1,79.66000366,1,1,2
305,1,0,43,2,2,19620,3,1,1,79.30000305,1,1,1
306,4,0,63,2,1,,4,1,1,72.45999908,1,1,1
307,3,1,22,2,3,12168,4,1,1,41.72000122,1,1,3
308,4,0,22,2,1,11724,4,1,1,84.01000214,3,1,2
309,2,1,,1,0,20400,3,1,1,59.86000061,2,1,1
310,4,0,23,3,1,7800,5,1,0,17.29000092,1,1,2
311,5,0,18,1,0,18228,3,1,1,41.88000107,1,1,2
312,3,0,23,2,2,16068,4,1,0,68.16000366,1,1,1
313,5,0,36,2,2,16272,4,1,1,57.77999878,1,1,2
314,5,0,40,2,4,14496,5,1,0,66.44999695,1,1,2
315,2,1,38,2,1,10692,5,1,1,37.36999893,1,1,2
316,4,0,16,1,0,,5,1,1,21.07999992,1,1,2
317,1,0,17,1,0,9372,5,1,1,42.95000076,1,1,3
318,4,0,21,2,2,13080,4,1,1,76.40000153,1,1,3
319,3,0,30,4,0,10800,5,1,1,26.82999992,1,1,1
320,3,1,23,1,0,19836,3,1,1,35.54999924,2,1,2
321,5,0,20,2,3,6996,5,1,1,52.34000015,1,1,1
322,1,0,47,4,4,27228,2,1,1,62.70000076,2,1,2
323,2,0,27,2,4,12096,4,1,1,66.69999695,3,1,2
324,2,0,20,1,1,8112,5,1,0,33.99000168,1,1,2
325,4,0,39,2,5,12672,4,0,1,19.43000031,1,1,2
326,1,1,20,2,0,23928,3,0,1,26.90999985,2,1,1
327,4,0,33,2,3,10344,4,1,1,79.33999634,1,1,3
328,5,1,24,1,0,18276,3,1,1,28.25,2,1,2
329,5,1,61,4,5,,4,0,1,49.04000092,1,0,0
330,5,0,28,3,4,15744,5,1,1,34.04000092,1,1,1
331,5,1,24,2,2,8376,5,1,1,57.15999985,3,1,4
332,2,0,24,3,2,10932,5,1,1,44.31999969,1,1,1
333,5,0,35,2,2,15096,4,1,1,36.93000031,1,1,3
334,5,0,23,2,0,26952,2,1,0,55.06000137,2,1,2
335,2,0,25,1,0,21336,3,1,1,35.02000046,1,1,2
336,4,0,39,1,7,11952,5,1,1,53.59999847,1,1,1
337,3,0,22,2,3,11232,5,1,1,77.90000153,3,1,2
338,1,0,31,2,1,10992,4,0,1,17.59000015,1,1,2
339,2,1,,3,2,11664,4,1,1,60.5,1,1,2
340,1,0,35,2,4,33456,3,1,1,53.99000168,2,1,2
341,2,0,27,2,3,12648,4,1,1,40.34999847,1,0,0
342,4,0,19,2,2,10560,5,1,1,64.45999908,1,1,2
343,3,0,67,2,2,10512,3,1,1,47.25,1,1,1
344,2,0,31,2,1,,4,1,1,67.56999969,1,1,1
345,3,1,21,2,2,8052,5,0,1,32.66999817,1,1,2
346,5,0,24,2,3,9684,5,1,1,74.62999725,3,1,1
347,2,1,19,2,2,14712,4,1,1,53.33000183,1,1,1
348,3,0,28,2,2,15492,4,0,1,19.14999962,1,0,0
349,4,1,35,2,0,18984,3,1,1,38.49000168,1,1,1
350,3,0,34,2,2,13764,4,0,1,28.73999977,1,0,0
351,2,0,31,3,2,13416,4,1,1,44.18000031,1,1,3
352,1,0,25,1,2,12876,4,0,1,28.70999908,1,1,2
353,5,1,18,1,0,11052,4,1,1,41.43000031,1,1,4
354,1,0,19,2,1,14448,4,1,1,49.20999908,1,1,2
355,5,1,50,4,1,14256,4,1,1,36.18000031,1,1,2
356,5,0,18,2,0,18516,3,1,1,48.68999863,2,1,3
357,4,1,27,2,4,21696,3,1,1,40.79999924,2,1,3
358,2,0,54,2,1,14832,5,1,1,31.76000023,1,0,0
359,5,1,,3,0,,4,1,1,33.50999832,1,1,2
360,4,0,23,2,1,19476,3,1,1,50.02000046,2,1,2
361,4,0,43,2,3,16452,3,1,1,66.86000061,2,1,1
362,5,0,18,2,0,21708,3,1,1,33.13999939,2,1,3
363,3,0,19,1,0,8448,5,1,1,21.89999962,1,1,4
364,4,0,21,2,1,14292,4,0,1,50.75999832,1,1,4
365,4,0,33,1,0,13644,4,1,1,38.95999908,1,1,2
366,3,0,21,1,1,7296,5,0,1,36.50999832,1,1,2
367,5,1,49,3,3,18504,3,1,1,58.41999817,1,1,1
368,5,0,67,4,5,16116,2,1,1,62.18000031,2,1,1
369,4,1,29,1,0,14112,4,1,1,43.22000122,1,1,2
370,5,0,18,2,0,17148,4,1,1,57.81000137,1,1,2
371,2,1,69,2,1,17268,3,0,1,20.80999947,2,0,0
372,4,0,43,2,2,9792,5,1,1,63.18000031,1,1,2
373,2,1,36,2,1,21924,3,1,1,50.50999832,1,1,2
374,2,0,19,2,2,21564,3,1,1,60.63000107,1,1,1
375,5,0,21,2,2,16200,3,1,1,56.11999893,1,1,4
376,1,1,17,1,0,,5,1,1,32.47000122,1,1,2
377,4,0,76,4,2,9864,3,1,1,53.88999939,1,1,5
378,4,0,29,2,3,12348,4,0,1,49.11000061,1,1,1
379,2,0,,3,0,9036,5,1,1,20.28000069,1,1,3
380,3,0,24,2,3,6576,5,1,1,76.01999664,3,1,4
381,5,0,23,1,1,13368,4,1,1,51.13000107,1,1,4
382,5,0,36,1,2,17844,3,1,1,37.84999847,2,1,1
383,2,0,57,2,1,15552,4,1,1,24.79999924,1,1,2
384,5,1,29,2,1,11028,4,0,1,11.15999985,1,1,2
385,5,1,30,3,2,10704,4,1,1,56.13000107,1,1,3
386,5,0,19,1,1,9036,5,1,1,53.09000015,1,1,3
387,4,0,21,2,2,10884,4,1,1,30.42000008,1,1,2
388,5,0,37,1,3,11004,4,1,0,51.25999832,1,0,0
389,2,0,22,2,1,22536,2,1,1,55.11000061,2,1,1
390,3,0,31,4,1,,5,1,1,29.89999962,1,1,3
391,1,0,32,2,4,18612,3,1,1,72.94000244,2,1,1
392,5,0,,1,2,16632,4,1,1,47.97000122,1,1,3
393,3,0,21,2,1,10416,4,1,1,69.01999664,1,1,2
394,3,0,19,2,2,15192,4,1,1,58.22000122,1,1,5
395,4,0,25,2,1,11316,5,1,1,37.75999832,1,1,2
396,1,0,26,2,3,10524,5,0,1,26.27000046,1,1,1
397,1,1,31,1,0,24708,3,1,1,37.97999954,1,1,1
398,5,0,31,1,2,9276,5,1,1,26.30999947,1,1,1
399,3,0,67,2,4,15612,2,1,1,55.61000061,2,1,5
400,2,1,30,2,3,20484,3,1,1,86.93000031,2,0,0
401,5,0,35,3,2,11160,5,1,1,56.08000183,1,1,2
402,3,1,,3,1,17412,4,1,1,58.15000153,1,1,4
403,5,1,39,1,0,18252,3,1,1,29.09000015,2,1,2
404,5,0,26,2,7,20004,3,0,1,24.37999916,1,1,2
405,4,0,32,2,4,16068,4,1,1,81.04000092,1,1,2
406,5,0,24,1,2,17328,4,1,1,39.74000168,1,1,4
407,2,1,45,1,0,,5,1,1,42.99000168,1,0,0
408,2,0,18,1,0,10512,5,1,1,28.81999969,1,1,1
409,5,0,23,2,2,18288,3,1,1,39.25,2,1,3
410,3,0,29,1,2,19176,3,1,1,59.72999954,2,1,2
411,4,1,56,4,0,18936,3,1,1,28.85000038,1,1,4
412,4,0,33,2,3,15600,4,1,1,57.13000107,1,1,3
413,5,1,37,2,2,22332,3,1,1,45.02000046,1,1,2
414,5,0,26,2,4,12552,4,1,1,81.33999634,3,1,3
415,2,0,22,2,1,17544,4,1,1,55.34999847,1,0,0
416,4,0,23,2,0,19092,3,1,1,63.77000046,1,1,5
417,3,1,25,2,3,12444,4,1,1,65.76000214,1,1,1
418,4,1,18,2,0,,3,1,1,47.02000046,2,1,2
419,4,1,,1,0,14988,4,1,1,29.84000015,1,1,2
420,4,0,43,2,4,12348,4,1,1,57.31000137,1,0,0
421,4,1,43,4,1,25836,3,0,1,40.86999893,2,0,0
422,4,1,48,2,4,14988,5,1,1,40.93999863,1,1,1
423,1,1,26,3,5,17976,3,1,1,55.09999847,2,1,2
424,5,0,35,2,4,20124,3,1,1,53.77999878,2,1,2
425,3,1,,2,0,23124,3,1,1,64.86000061,2,1,3
426,2,1,19,1,0,13776,3,0,0,20.87999916,1,1,2
427,2,0,27,1,0,11292,5,0,1,3.609999895,1,1,5
428,5,0,72,2,2,8928,4,0,1,32.81999969,1,1,2
429,4,1,36,1,0,17556,3,1,1,40.36999893,2,1,1
430,3,0,52,2,1,17724,4,1,1,77.43000031,1,1,1
431,5,0,27,2,2,10740,4,1,1,54.63000107,1,1,1